,balanced_accuracy,recall,precision,f1_score
impute with median,0.5575509776483296,0.8286351891003054,0.09416459784842904,0.16911165444172782
gridsearch over params,0.5622041515514025,0.8123091378905333,0.09559748427672957,0.1710632087955577
impute with median and group missing into one category,0.556652056353883,0.8286351891003054,0.09395016845777902,0.16876577320080854
MinMax Scaler,0.6869527594173319,0.48332158797275077,0.2833631731166506,0.357266886612259
TruncatedSVD,0.5,0.0,0.0,0.0
RandomOverSampler,0.5555705024450242,0.8308668076109936,0.09365814907983583,0.16834039312740945
ROS with MinMaxScaler,0.7476635235768585,0.7366690157387832,0.21459609265405277,0.33237063140881273
ROS w/ Polynomial feature w/ MMS,0.7475675234005384,0.726215644820296,0.219551168240892,0.3371687206892791
SMOTE,0.5545084669214049,0.8301620859760395,0.09341915700709763,0.16793983819039357
SMOTE w/ MinMax,0.7511105573451566,0.7542870566126381,0.21127084909695035,0.33008660790007965
SMOTE w/ Polynomial feature w/ MMS,0.7510812550698592,0.7484143763213531,0.21386856414043096,0.33267202673070895
ADYSON,0.5540032116745935,0.8314540756401222,0.09328097616255321,0.16774285274220113
