,balanced_accuracy,recall,precision,f1_score
imbalanced data,0.5005257814706086,0.001062072220911022,0.9,0.0021216407355021216
oversampling,0.7720198256160025,0.8260561718196837,0.20688636027781881,0.3308988631260488
SMOTE,0.7017529250336544,0.517111163559122,0.2884412848867825,0.37032029071241446
ADASYN,0.7055674847579108,0.5258437573755015,0.289896558454232,0.373747116795974
Hypertuned Oversampling,0.7765848525815442,0.7671701675713949,0.2419967242406194,0.36793253721206637
