,balanced_accuracy,recall,precision,f1_score
xgboost,0.7867222661317972,0.8195912614517266,0.22961500493583414,0.3587291795188155
